Класс,Специализация,Роль,Всего эффектов,Физические бафы,Кастерские бафы,Утилити-бафы,Физические дебафы,Магические дебафы,Утилити-дебафы,Итоговые бафы,Итоговые дебафы,Новых эффектов,Балл,Что закроет,Источник
Barbarian,Ancestry,Саппорт,7,3,0,3,0,1,0,Strength; Agility; Attack Power; Concentration; Armor; Heroism | Bloodlust,Resistance Reduction,7,16,#NAME?,https://coa-raid-comp.ascension.gg/
Barbarian,Brutality,Мили-DPS,8,4,0,1,3,0,0,Strength; Agility; Attack Power; Concentration; 5% Attack Power,4% Physical Damage; 30% Bleed Damage; Armor Reduction,8,17,#NAME?,https://coa-raid-comp.ascension.gg/
Barbarian,Headhunting,Рейндж/кастер,8,4,0,2,1,0,1,Strength; Agility; Attack Power; Concentration; 3% Critical Strike (all); 5% Attack Power,30% Bleed Damage; Healing Reduction,8,15,#NAME?,https://coa-raid-comp.ascension.gg/
Witch Doctor,Shadowhunting,Рейндж/кастер,10,2,4,2,0,1,1,Small Resistances (all); Intellect; Spirit; Mana Regeneration; 5% Resource Reduction; 10% Melee & Range Haste; 3% Spell Haste; 5% Attack Power,Cast Speed Slow; Resistance Reduction,10,21,#NAME?,https://coa-raid-comp.ascension.gg/
Witch Doctor,Voodoo,Рейндж/кастер,10,0,4,3,0,1,2,Small Resistances (all); Intellect; Spirit; Mana Regeneration; 5% Resource Reduction; 3% Spell Haste; 3% Damage Done (all),Cast Speed Slow; Attack Speed Slow; Resistance Reduction,10,21,#NAME?,https://coa-raid-comp.ascension.gg/
Witch Doctor,Brewing,Хилер,10,0,5,2,0,1,2,Small Resistances (all); Intellect; Spirit; Mana Regeneration; 5% Resource Reduction; 3% Spell Haste; Replenishment,Cast Speed Slow; Attack Power Reduction; Resistance Reduction,10,21,#NAME?,https://coa-raid-comp.ascension.gg/
Felsworn,Infernal,Рейндж/кастер,8,2,0,3,0,2,1,Minor Armor and All Stats; Attack Power; Fire Resistance; Shadow Resistance; 3% Critical Strike (all),Damage Done Reduction (5%); 3% Spell Hit; 10% Spell Damage,8,18,#NAME?,https://coa-raid-comp.ascension.gg/
Felsworn,Tyrant,Танк,11,3,0,4,1,0,3,Minor Armor and All Stats; Attack Power; Fire Resistance; Shadow Resistance; 10% Melee & Range Haste; 3% Damage Done (all); Defensive Cooldown (Raid-Wide),4% Physical Damage; Attack Power Reduction; Attack Speed Slow; Damage Done Reduction (5%),11,27,#NAME?,https://coa-raid-comp.ascension.gg/
Felsworn,Slaying,Мили-DPS,10,3,0,3,1,0,3,Minor Armor and All Stats; Attack Power; Fire Resistance; Shadow Resistance; 10% Melee & Range Haste; Armor,Healing Reduction; Cast Speed Slow; Armor Reduction; Damage Done Reduction (5%),10,20,#NAME?,https://coa-raid-comp.ascension.gg/
Witch Hunter,Inquisition,Мили-DPS,7,3,1,1,0,0,2,Minor Armor and All Stats; Attack Power; Mana Regeneration; Shadow Resistance; 10% Melee & Range Haste,Cast Speed Slow; Damage Done Reduction (5%),7,14,#NAME?,https://coa-raid-comp.ascension.gg/
Witch Hunter,Houndmaster,Рейндж/кастер,7,3,2,1,0,0,1,Minor Armor and All Stats; Attack Power; Mana Regeneration; Shadow Resistance; 3% Spell Haste; 5% Attack Power,Cast Speed Slow,7,14,#NAME?,https://coa-raid-comp.ascension.gg/
Witch Hunter,Black Knight,Танк,8,2,2,2,0,0,2,Minor Armor and All Stats; Attack Power; Mana Regeneration; Shadow Resistance; Replenishment; Defensive Cooldown (Raid-Wide),Cast Speed Slow; Attack Speed Slow,8,17,#NAME?,https://coa-raid-comp.ascension.gg/
Witch Hunter,Boltslinger,Рейндж/кастер,8,2,1,2,1,0,2,Minor Armor and All Stats; Attack Power; Mana Regeneration; Shadow Resistance; 3% Critical Strike (all),Healing Reduction; Cast Speed Slow; Armor Reduction,8,15,#NAME?,https://coa-raid-comp.ascension.gg/
Stormbringer,Maelstrom,Рейндж/кастер,8,0,2,4,0,1,1,Small Resistances (all); Intellect; Mana Regeneration; Concentration; Nature Resistance; 3% Damage Done (all),10% Spell Damage; Attack Speed Slow,8,16,#NAME?,https://coa-raid-comp.ascension.gg/
Stormbringer,Lightning,Рейндж/кастер,7,0,2,4,0,1,0,Small Resistances (all); Intellect; Mana Regeneration; Concentration; Nature Resistance; 3% Critical Strike (all),3% Spell Critical Strike Chance,7,13,#NAME?,https://coa-raid-comp.ascension.gg/
Stormbringer,Wind,Саппорт,7,0,2,5,0,0,0,Small Resistances (all); Intellect; Mana Regeneration; Concentration; Nature Resistance; Armor; Heroism | Bloodlust,—,7,13,#NAME?,https://coa-raid-comp.ascension.gg/
Cultist,Heretic,Хилер,7,1,3,3,0,0,0,10% Stats; Intellect; Spirit; Dampen Magic; Shadow Resistance; 3% Damage Reduction (all); Replenishment,—,7,15,#NAME?,https://coa-raid-comp.ascension.gg/
Cultist,Dreadnought,Танк,8,1,2,2,0,0,3,10% Stats; Intellect; Spirit; Dampen Magic; Shadow Resistance,Attack Speed Slow; 3% Hit Reduction; Attack Power Reduction,8,16,#NAME?,https://coa-raid-comp.ascension.gg/
Cultist,Corruption,Рейндж/кастер,9,1,4,2,0,1,1,10% Stats; Intellect; Spirit; Dampen Magic; Shadow Resistance; Spell Power; 3% Spell Haste,3% Spell Hit; 3% Hit Reduction,9,18,#NAME?,https://coa-raid-comp.ascension.gg/
Cultist,Godblade,Мили-DPS,8,1,2,2,0,1,2,10% Stats; Intellect; Spirit; Dampen Magic; Shadow Resistance,Healing Reduction; 10% Spell Damage; Attack Power Reduction,8,16,#NAME?,https://coa-raid-comp.ascension.gg/
Knight of Xoroth,Hellfire,Мили-DPS,12,3,1,6,0,1,1,Stamina; Strength; Intellect; 5% Resource Reduction; Fire Resistance; Frost Resistance; Shadow Resistance; Arcane Resistance; 5% Attack Power; 3% Damage Done (all),3% Spell Critical Strike Chance; Cast Speed Slow,12,21,#NAME?,https://coa-raid-comp.ascension.gg/
Knight of Xoroth,War,Мили-DPS,12,2,1,6,2,0,1,Stamina; Strength; Intellect; 5% Resource Reduction; Fire Resistance; Frost Resistance; Shadow Resistance; Arcane Resistance; 3% Critical Strike (all),4% Physical Damage; Healing Reduction; Armor Reduction,12,21,#NAME?,https://coa-raid-comp.ascension.gg/
Knight of Xoroth,Defiance,Танк,12,2,1,5,1,1,2,Stamina; Strength; Intellect; 5% Resource Reduction; Fire Resistance; Frost Resistance; Shadow Resistance; Arcane Resistance,Attack Power Reduction; Attack Speed Slow; 10% Spell Damage; Armor Reduction,12,23,#NAME?,https://coa-raid-comp.ascension.gg/
Guardian,Vanguard,Танк,6,1,0,2,1,0,2,Strength; Nature Resistance; 3% Damage Reduction (all),Attack Speed Slow; Armor Reduction; Attack Power Reduction,6,15,#NAME?,https://coa-raid-comp.ascension.gg/
Guardian,Gladiator,Мили-DPS,6,2,0,1,2,0,1,Strength; Nature Resistance; 5% Attack Power,4% Physical Damage; Healing Reduction; Armor Reduction,6,13,#NAME?,https://coa-raid-comp.ascension.gg/
Guardian,Inspiration,Саппорт,6,1,0,3,1,1,0,Strength; Nature Resistance; Armor; Heroism | Bloodlust,Resistance Reduction; Armor Reduction,6,15,#NAME?,https://coa-raid-comp.ascension.gg/
Starcaller,Moon Priest,Хилер,5,0,2,2,0,1,0,Intellect; Strong Mana Cooldown; Arcane Resistance; 3% Critical Strike (all),Resistance Reduction,5,10,#NAME?,https://coa-raid-comp.ascension.gg/
Starcaller,Warden,Мили-DPS,6,0,2,2,0,1,1,Intellect; Strong Mana Cooldown; Arcane Resistance; 3% Critical Strike (all),Resistance Reduction; Healing Reduction,6,11,#NAME?,https://coa-raid-comp.ascension.gg/
Starcaller,Sentinel,Рейндж/кастер,6,1,2,1,0,2,0,Intellect; Strong Mana Cooldown; Arcane Resistance; 10% Melee & Range Haste,Resistance Reduction; 10% Spell Damage,6,13,#NAME?,https://coa-raid-comp.ascension.gg/
Starcaller,Moon Guard,Танк,8,0,2,2,0,2,2,Intellect; Strong Mana Cooldown; Arcane Resistance; 3% Damage Reduction (all),Resistance Reduction; 10% Spell Damage; Attack Speed Slow; 3% Hit Reduction,8,17,#NAME?,https://coa-raid-comp.ascension.gg/
Sun Cleric,Blessings,Хилер,7,2,3,1,0,1,0,10% Stats; Attack Power; Spell Power; Mana Regeneration; 5% Resource Reduction; 3% Spell Haste,Resistance Reduction,7,16,#NAME?,https://coa-raid-comp.ascension.gg/
Sun Cleric,Valkyrie,Мили-DPS,8,2,2,2,0,1,1,10% Stats; Attack Power; Spell Power; Mana Regeneration; 5% Resource Reduction; 3% Damage Done (all),Resistance Reduction; Attack Speed Slow,8,19,#NAME?,https://coa-raid-comp.ascension.gg/
Sun Cleric,Piety,Рейндж/кастер,9,2,3,1,0,2,1,10% Stats; Attack Power; Spell Power; Mana Regeneration; 5% Resource Reduction; Replenishment,Resistance Reduction; 3% Spell Hit; 3% Hit Reduction,9,20,#NAME?,https://coa-raid-comp.ascension.gg/
Sun Cleric,Seraphim,Танк,10,2,2,3,0,0,3,10% Stats; Attack Power; Spell Power; Mana Regeneration; 5% Resource Reduction; 6% Healing Done; Defensive Cooldown (Raid-Wide),Attack Speed Slow; 3% Hit Reduction; Damage Done Reduction (5%),10,21,#NAME?,https://coa-raid-comp.ascension.gg/
Templar,Zealot,Мили-DPS,4,3,0,0,1,0,0,10% Stats; Agility; 10% Melee & Range Haste,Armor Reduction,4,11,#NAME?,https://coa-raid-comp.ascension.gg/
Templar,Crusader,Мили-DPS,4,2,0,1,0,0,1,10% Stats; Agility; 3% Damage Done (all),Attack Power Reduction,4,11,#NAME?,https://coa-raid-comp.ascension.gg/
Templar,Oathkeeper,Танк,7,3,0,2,0,0,2,10% Stats; Agility; 5% Attack Power; 6% Healing Done; Defensive Cooldown (Raid-Wide),Cast Speed Slow; 3% Hit Reduction,7,14,#NAME?,https://coa-raid-comp.ascension.gg/
Primalist,Wildwalker,Мили-DPS,9,3,1,3,2,0,0,Minor Armor and All Stats; Small Resistances (all); Agility; Spirit; Nature Resistance; Arcane Resistance; 5% Attack Power,4% Physical Damage; 30% Bleed Damage,9,16,#NAME?,https://coa-raid-comp.ascension.gg/
Primalist,Mountain King,Танк,10,2,2,3,1,0,2,Minor Armor and All Stats; Small Resistances (all); Agility; Spirit; Nature Resistance; Arcane Resistance; Replenishment,4% Physical Damage; Attack Speed Slow; 3% Hit Reduction,10,19,#NAME?,https://coa-raid-comp.ascension.gg/
Primalist,Geomancy,Рейндж/кастер,10,2,2,3,0,2,1,Minor Armor and All Stats; Small Resistances (all); Agility; Spirit; Nature Resistance; Arcane Resistance; 3% Spell Haste,3% Spell Hit; 3% Spell Critical Strike Chance; 3% Hit Reduction,10,19,#NAME?,https://coa-raid-comp.ascension.gg/
Primalist,Grovekeeper,Саппорт,10,2,1,6,1,0,0,Minor Armor and All Stats; Small Resistances (all); Agility; Spirit; Nature Resistance; Arcane Resistance; 6% Healing Done; Armor; Heroism | Bloodlust,Armor Reduction,10,19,#NAME?,https://coa-raid-comp.ascension.gg/
Bloodmage,Sanguine,Рейндж/кастер,6,1,1,1,1,1,1,Stamina; Concentration; 3% Spell Haste,3% Spell Critical Strike Chance; 30% Bleed Damage; Attack Speed Slow,6,13,#NAME?,https://coa-raid-comp.ascension.gg/
Bloodmage,Fleshweaver,Саппорт,5,1,0,3,1,0,0,Stamina; Concentration; Armor; Heroism | Bloodlust,30% Bleed Damage,5,10,#NAME?,https://coa-raid-comp.ascension.gg/
Bloodmage,Accursed,Мили-DPS,6,1,1,2,1,0,1,Stamina; Concentration; 3% Spell Haste; 3% Critical Strike (all),30% Bleed Damage; Healing Reduction,6,11,#NAME?,https://coa-raid-comp.ascension.gg/
Bloodmage,Eternal,Танк,7,2,0,2,1,0,2,Stamina; Concentration; 5% Attack Power; 6% Healing Done,30% Bleed Damage; Attack Speed Slow; 3% Hit Reduction,7,12,#NAME?,https://coa-raid-comp.ascension.gg/
Pyromancer,Flameweaving,Хилер,7,0,4,2,0,0,1,Intellect; Spirit; Strong Mana Cooldown; Fire Resistance; Arcane Resistance; Replenishment,Healing Reduction,7,11,#NAME?,https://coa-raid-comp.ascension.gg/
Pyromancer,Draconic,Рейндж/кастер,8,0,4,2,0,1,1,Intellect; Spirit; Strong Mana Cooldown; Fire Resistance; Arcane Resistance; 3% Spell Haste,3% Spell Hit; Healing Reduction,8,14,#NAME?,https://coa-raid-comp.ascension.gg/
Pyromancer,Incineration,Рейндж/кастер,8,0,3,3,0,1,1,Intellect; Spirit; Strong Mana Cooldown; Fire Resistance; Arcane Resistance; 3% Critical Strike (all),3% Spell Critical Strike Chance; Healing Reduction,8,14,#NAME?,https://coa-raid-comp.ascension.gg/
Ranger,Brigand,Мили-DPS,6,3,0,1,0,0,2,Minor Armor and All Stats; Agility; Nature Resistance; 10% Melee & Range Haste,Healing Reduction; 3% Hit Reduction,6,10,#NAME?,https://coa-raid-comp.ascension.gg/
Ranger,Archery,Рейндж/кастер,7,3,0,1,2,0,1,Minor Armor and All Stats; Agility; Nature Resistance; 10% Melee & Range Haste,4% Physical Damage; 30% Bleed Damage; 3% Hit Reduction,7,13,#NAME?,https://coa-raid-comp.ascension.gg/
Ranger,Farstrider,Саппорт,8,3,0,3,0,0,2,Minor Armor and All Stats; Agility; Nature Resistance; 10% Melee & Range Haste; Armor; Heroism | Bloodlust,Attack Power Reduction; 3% Hit Reduction,8,18,#NAME?,https://coa-raid-comp.ascension.gg/
Reaper,Soul,Мили-DPS,6,2,0,1,0,1,2,Small Resistances (all); Stamina; Strength,10% Spell Damage; Attack Speed Slow; 3% Hit Reduction,6,12,#NAME?,https://coa-raid-comp.ascension.gg/
Reaper,Harvest,Мили-DPS,7,2,0,2,0,0,3,Small Resistances (all); Stamina; Strength; 3% Critical Strike (all),Healing Reduction; Attack Power Reduction; 3% Hit Reduction,7,13,#NAME?,https://coa-raid-comp.ascension.gg/
Reaper,Domination,Танк,8,2,0,3,1,0,2,Small Resistances (all); Stamina; Strength; 3% Critical Strike (all); 3% Damage Reduction (all),4% Physical Damage; Attack Speed Slow; 3% Hit Reduction,8,18,#NAME?,https://coa-raid-comp.ascension.gg/
Runemaster,Glyphic,Рейндж/кастер,11,2,2,5,0,1,1,10% Stats; Agility; 5% Resource Reduction; Strong Mana Cooldown; Amplify Magic; Fire Resistance; Nature Resistance; Arcane Resistance; Replenishment,10% Spell Damage; Healing Reduction,11,18,#NAME?,https://coa-raid-comp.ascension.gg/
Runemaster,Riftblade,Мили-DPS,11,2,2,6,0,0,1,10% Stats; Agility; 5% Resource Reduction; Strong Mana Cooldown; Amplify Magic; Fire Resistance; Nature Resistance; Arcane Resistance; 3% Damage Done (all); Replenishment,Healing Reduction,11,18,#NAME?,https://coa-raid-comp.ascension.gg/
Runemaster,Engravement,Мили-DPS,12,3,2,5,0,0,2,10% Stats; Agility; 5% Resource Reduction; Strong Mana Cooldown; Amplify Magic; Fire Resistance; Nature Resistance; Arcane Resistance; 10% Melee & Range Haste; Replenishment,Healing Reduction; Attack Power Reduction,12,21,#NAME?,https://coa-raid-comp.ascension.gg/
Chronomancer,Time,Хилер,7,0,4,3,0,0,0,Intellect; Spirit; Strong Mana Cooldown; Amplify Magic; Dampen Magic; 3% Spell Haste; 3% Damage Reduction (all),—,7,13,#NAME?,https://coa-raid-comp.ascension.gg/
Chronomancer,Infinite,Рейндж/кастер,9,0,3,3,0,2,1,Intellect; Spirit; Strong Mana Cooldown; Amplify Magic; Dampen Magic; 3% Damage Done (all),3% Spell Hit; 10% Spell Damage; Cast Speed Slow,9,17,#NAME?,https://coa-raid-comp.ascension.gg/
Chronomancer,Artificer,Рейндж/кастер,9,0,4,3,0,0,2,Intellect; Spirit; Strong Mana Cooldown; Amplify Magic; Dampen Magic; 3% Critical Strike (all); Replenishment,Attack Speed Slow; 3% Hit Reduction,9,17,#NAME?,https://coa-raid-comp.ascension.gg/
Necromancer,Animation,Рейндж/кастер,8,1,1,2,1,0,3,Stamina; Spell Power; Fire Resistance; 3% Damage Done (all),Healing Reduction; Armor Reduction; Attack Power Reduction; Attack Speed Slow,8,18,#NAME?,https://coa-raid-comp.ascension.gg/
Necromancer,Death,Рейндж/кастер,9,1,2,1,1,1,3,Stamina; Spell Power; Fire Resistance; 3% Spell Haste,10% Spell Damage; Healing Reduction; Armor Reduction; Attack Power Reduction; Attack Speed Slow,9,21,#NAME?,https://coa-raid-comp.ascension.gg/
Necromancer,Rime,Рейндж/кастер,9,1,1,2,1,1,3,Stamina; Spell Power; Fire Resistance; 3% Critical Strike (all),3% Spell Critical Strike Chance; Healing Reduction; Armor Reduction; Attack Power Reduction; Attack Speed Slow,9,21,#NAME?,https://coa-raid-comp.ascension.gg/
Venomancer,Stalking,Мили-DPS,7,2,1,1,0,2,1,Minor Armor and All Stats; Agility; Spirit; Fire Resistance,3% Spell Critical Strike Chance; Cast Speed Slow; 10% Spell Damage,7,14,#NAME?,https://coa-raid-comp.ascension.gg/
Venomancer,Vizier,Хилер,7,2,2,2,0,0,1,Minor Armor and All Stats; Agility; Spirit; Fire Resistance; 6% Healing Done; Replenishment,Cast Speed Slow,7,12,#NAME?,https://coa-raid-comp.ascension.gg/
Venomancer,Fortitude,Танк,8,2,1,2,0,0,3,Minor Armor and All Stats; Agility; Spirit; Fire Resistance; 3% Damage Reduction (all),Cast Speed Slow; Attack Speed Slow; 3% Hit Reduction,8,15,#NAME?,https://coa-raid-comp.ascension.gg/
Venomancer,Rot,Рейндж/кастер,8,2,2,1,0,1,2,Minor Armor and All Stats; Agility; Spirit; Fire Resistance; 3% Spell Haste,3% Spell Hit; Healing Reduction; Cast Speed Slow,8,15,#NAME?,https://coa-raid-comp.ascension.gg/
Tinker,Demolition,Рейндж/кастер,7,2,2,2,0,0,1,Attack Power; Mana Regeneration; Strong Mana Cooldown; Concentration; Amplify Magic; 5% Attack Power,Attack Power Reduction,7,13,#NAME?,https://coa-raid-comp.ascension.gg/
Tinker,Mechanics,Рейндж/кастер,7,2,2,2,1,0,0,Attack Power; Mana Regeneration; Strong Mana Cooldown; Concentration; Amplify Magic; 10% Melee & Range Haste,Armor Reduction,7,13,#NAME?,https://coa-raid-comp.ascension.gg/
Tinker,Invention,Хилер,8,1,3,4,0,0,0,Attack Power; Mana Regeneration; Strong Mana Cooldown; Concentration; Amplify Magic; 3% Spell Haste; 3% Damage Reduction (all); 6% Healing Done,—,8,14,#NAME?,https://coa-raid-comp.ascension.gg/
