Класс,Специализация,Роль,Парсов,Игроков,Боев,Боссов,Надёжность,Медиана DPS,P75 DPS,P90 DPS,Медиана HPS,P75 HPS,Медиана DTPS,Смертность,Выживаемость,Сглаженная метрика,Предв. балл роли,Покрытие экипировки,Медиана ilvl
Tinker,Demolition,dps,85,23,80,6,0.8095238095238095,6110.091,7682.84,9071.7634,7.423,24.046,138.028,0.023529411764705882,1,5756.660160849723,5702.479829924078,0.18823529411764706,61.505
Ranger,Archery,dps,173,44,145,6,0.8963730569948186,5792.761,7391.158,8769.4336,3.978,13.354,97.705,0.09248554913294797,1,5633.363911343114,5424.962009420594,0.20809248554913296,62.35
Pyromancer,Incineration,dps,69,19,61,6,0.7752808988764045,5608.785,7630.608,9080.1018,18.499,60.972,117.758,0.10144927536231885,1,5304.469066171021,5089.215248993067,0.37681159420289856,61.71
Runemaster,Riftblade,dps,106,24,80,6,0.8412698412698413,5428.7285,8145.01,9242.9475,23.808,51.65575,240.617,0.14150943396226415,1,5242.35557848588,4945.618470269698,0.22641509433962265,61.47
Witch Doctor,Voodoo,dps,74,11,74,6,0.7872340425531915,6493.028,9371.632,10330.1129,13.9985,21.865000000000002,128.344,0.44594594594594594,1,6016.7622754172435,4943.501977640114,0.33783783783783783,65.53
Tinker,Mechanics,dps,80,21,75,6,0.8,5190.2925,6205.688,7502.643600000003,2.799,14.902249999999999,135.7625,0.0375,1,5003.149818892208,4928.102571608824,0.2375,59.22
Chronomancer,Artificer,dps,117,36,91,6,0.8540145985401459,5146.282,6417.946,8423.475600000002,7.601,24.81,96.379,0.10256410256410256,1,5016.106393351977,4810.317413111897,0.26495726495726496,59.39
Templar,Crusader,dps,236,60,169,6,0.921875,4676.612999999999,6892.11075,9339,71.22550000000001,134.52525,213.652,0.0635593220338983,1,4643.641601129768,4525.582916355282,0.24152542372881355,58
Witch Hunter,Inquisition,dps,147,37,118,6,0.8802395209580839,5098.851,6560.525,8029.127,51.006,108.3575,210.653,0.25170068027210885,1,4997.740592151023,4494.5667094038445,0.24489795918367346,61.115
Felsworn,Infernal,dps,165,49,122,6,0.8918918918918919,4916.581,6113.736,7780.0902,2.781,8.731,111.522,0.22424242424242424,1,4845.013226428221,4410.430221875871,0.22424242424242424,58.47
Starcaller,Sentinel,dps,91,30,76,6,0.8198198198198198,4710.604,5604.014999999999,6846.171,2.599,14.511500000000002,73.593,0.16483516483516483,1,4628.437350353342,4323.265656923451,0.2967032967032967,60.12
Sun Cleric,Piety,dps,78,27,65,6,0.7959183673469388,4540.841,5463.039,6462.7879,15.7925,33.629000000000005,126.4465,0.10256410256410256,1,4482.4202029512335,4298.5260407788755,0.2692307692307692,60.29
Stormbringer,Lightning,dps,93,31,86,6,0.8230088495575221,4427.266,5763.292,8419.872399999997,5.058,11.766,109.749,0.06451612903225806,1,4396.701945922308,4283.238669898507,0.3010752688172043,63.19
Venomancer,Rot,dps,76,30,68,6,0.7916666666666666,4520.4395,5325.55425,7242.050499999999,55.8215,101.0985,297.22249999999997,0.10526315789473684,1,4465.051915512718,4277.049729596392,0.14473684210526316,61.94
Witch Doctor,Shadowhunting,dps,105,36,89,6,0.84,4542.227,5425.996,6856.0712,36.702,56.356,94.419,0.14285714285714285,1,4496.203335113767,4239.277430250123,0.3142857142857143,60.59
Templar,Zealot,dps,48,18,43,6,0.7058823529411765,4541.806500000001,5425.0380000000005,7003.898700000002,29.64,68.21975,228.618,0.125,1,4457.327851312072,4234.461458746468,0.3125,59
Necromancer,Animation,dps,184,65,148,6,0.9019607843137255,4385.951999999999,5880.634,7854.0432,81.84049999999999,187.14375,196.791,0.08152173913043478,1,4373.0723033785325,4230.472119572711,0.2554347826086957,60.5
Bloodmage,Accursed,dps,14,5,14,6,0.4117647058823529,4164.241,5915.34375,11235.875600000001,56.2335,73.44525,192.17000000000002,0,1,4217.38105556532,4217.38105556532,0.21428571428571427,62.13
Cultist,Godblade,dps,230,62,174,6,0.92,4451.8505000000005,5735.645,6626.001,43.718500000000006,83.173,202.1055,0.14782608695652175,1,4436.068787556884,4173.762111423085,0.2565217391304348,60.88
Witch Hunter,Houndmaster,dps,20,8,20,6,0.5,4220.5225,4521.437,5226.7727,15.499500000000001,26.3245,168.3295,0.05,1,4237.550797230522,4152.799781285912,0.35,61.76
Reaper,Soul,dps,20,7,20,6,0.5,4394.558999999999,5253.09275,6227.726600000001,26.4565,69.34700000000001,219.534,0.15,1,4324.569047230521,4065.09490439669,0.2,53.305
Cultist,Corruption,dps,12,9,11,6,0.375,3715.746,4156.73275,4203.529,40.7155,72.67675,120.6555,0,1,4052.516684038152,4052.516684038152,0.25,62
Felsworn,Tyrant,dps,97,40,89,6,0.8290598290598291,4036.378,4989.035,6576.0722000000005,63.408,121.029,145.284,0.020618556701030927,1,4073.677332386503,4040.079993562697,0.29896907216494845,58.89
Chronomancer,Infinite,dps,41,12,38,6,0.6721311475409836,4130.84,4943.063,5219.623,1.191,15.711,107.58,0.0975609756097561,1,4171.41019490526,4008.623455591884,0.4146341463414634,62.88
Knight of Xoroth,Hellfire,dps,89,25,78,6,0.8165137614678899,4035.305,6613.59,10270.181600000004,32.115,56.784,244.234,0.056179775280898875,1,4075.5387788001913,3983.9536377035574,0.25842696629213485,61.75
Runemaster,Engravement,dps,154,45,117,6,0.8850574712643678,4053.331,4940.880499999999,5917.5871000000025,11.517,32.788,185.17399999999998,0.08441558441558442,1,4076.46296488058,3938.8161634690277,0.3246753246753247,60.195
Barbarian,Headhunting,dps,28,10,25,6,0.5833333333333334,3761.9415,4691.153499999999,5698.6069,25.4355,45.75725,115.083,0.03571428571428571,1,3967.207164358768,3910.5327762965,0.35714285714285715,62.94
Knight of Xoroth,War,dps,201,62,154,6,0.9095022624434389,3996.038,5335.103,7336.894,30.41,60.856,222.243,0.06965174129353234,1,4019.4353841141215,3907.4511147059666,0.24875621890547264,61
Barbarian,Brutality,dps,114,27,101,6,0.8507462686567164,4006.0415000000003,6421.01425,7130.535100000001,29.9115,253.8575,227.09449999999998,0.08771929824561403,1,4043.136663352395,3901.2722190242407,0.24561403508771928,60.44
Starcaller,Moon Guard,dps,5,3,5,3,0.2,2476.956,2484.903,3061.2546,0.657,2.225,122.975,0,1,3899.054475568835,3899.054475568835,0.6,60.56
Bloodmage,Eternal,dps,27,15,26,6,0.574468085106383,3641.238,4137.3105,4386.5292,197.947,276.05,339.449,0.037037037037037035,1,3902.234210408955,3844.423333217711,0.2962962962962963,60.144999999999996
Sun Cleric,Valkyrie,dps,321,82,196,6,0.9413489736070382,3911.8,4829.597,5880.867,49.876,87.691,200.303,0.06542056074766354,1,3931.9043457161906,3829.0133908750195,0.2398753894080997,60.95
Primalist,Wildwalker,dps,105,34,77,6,0.84,3866.021,4926.057,6110.4388,96.76,258.549,176.732,0.06666666666666667,1,3928.190295113767,3823.4385539107334,0.34285714285714286,58.925
Stormbringer,Maelstrom,dps,24,14,24,6,0.5454545454545454,3353.962,4072.7695,5013.2406,8.6655,56.79825,135.4475,0,1,3763.3334065732015,3763.3334065732015,0.16666666666666666,61.2
Venomancer,Stalking,dps,26,11,26,6,0.5652173913043478,3521.431,4377.053,5622.655,28.735,41.11275,199.31650000000002,0.07692307692307693,1,3840.1910410700193,3722.0313167294034,0.15384615384615385,61.49
Primalist,Geomancy,dps,26,8,26,6,0.5652173913043478,3225.9685,4420.45675,5305.5795,52.8835,590.6510000000001,127.9385,0,1,3673.1904975917582,3673.1904975917582,0.15384615384615385,63.879999999999995
Runemaster,Glyphic,dps,66,26,59,6,0.7674418604651163,3734.6525,4856.98975,5252.796,4.2545,16.78475,93.9665,0.15151515151515152,1,3855.565661502568,3621.8950153508977,0.22727272727272727,60.33
Reaper,Harvest,dps,151,55,116,6,0.8830409356725146,3534.287,4315.0015,5046.991,110.16,143.34550000000002,216.7,0,1,3618.531689410648,3618.531689410648,0.271523178807947,59.65
Necromancer,Rime,dps,56,17,56,6,0.7368421052631579,3586.0055,4501.853499999999,5868.687,21.595,58.7205,80.25399999999999,0.10714285714285714,1,3761.945919595011,3600.7196658980824,0.25,56.5
Witch Hunter,Boltslinger,dps,28,14,28,6,0.5833333333333334,3371.562,4340.044,5525.512900000001,6.064500000000001,14.770249999999999,103.384,0.10714285714285714,1,3739.4857893587678,3579.2221126719637,0.2857142857142857,60.44
Bloodmage,Sanguine,dps,34,12,33,6,0.6296296296296297,3499.1014999999998,4346.780000000001,6708.129799999998,175.4315,217.57275,153.0775,0.17647058823529413,1,3778.908016467053,3512.1615682458496,0.35294117647058826,60.31
Starcaller,Warden,dps,160,57,106,6,0.8888888888888888,3515.044,4630.21675,5811.391699999999,11.198,26.2675,173.08100000000002,0.1,1,3597.214566051227,3453.3259834091778,0.25625,61.63
Reaper,Domination,dps,6,5,6,5,0.23076923076923078,1572.5135,2095.9485,3042.4300000000003,159.6085,199.72,321.5745,0.16666666666666666,1,3635.6408803546487,3393.264821664339,0.16666666666666666,46.56
Ranger,Brigand,dps,9,4,9,4,0.3103448275862069,1945.975,2629.018,5339.5102,52.293,1916.596,231.995,0.1111111111111111,1,3538.1157548007195,3380.8661656984655,0.2222222222222222,40.09
Stormbringer,Wind,dps,8,2,8,6,0.2857142857142857,2453.3745,2887.558,3264.8884,318.85699999999997,358.54725,88.2175,0.25,1,3739.9492103293164,3365.954289296385,0.875,60.71
Felsworn,Slayer,dps,37,14,36,6,0.6491228070175439,3227.325,3671.84,4012.3423999999995,73.367,111.32,151.534,0.16216216216216217,1,3587.7650331442255,3355.045139102438,0.1891891891891892,56.67
Pyromancer,Draconic,dps,63,20,61,6,0.7590361445783133,3186.519,4742.001,7395.067400000001,15.02,32.004,112.671,0.07936507936507936,1,3443.8828781833836,3334.553263002959,0.31746031746031744,60.195
Knight of Xoroth,Defiance,dps,11,4,11,4,0.3548387096774194,1641.983,2041.8635,2955.908,32.891,73.15950000000001,257.092,0,1,3327.5288673942214,3327.5288673942214,0.18181818181818182,61.24
Primalist,Mountain King,dps,6,4,6,3,0.23076923076923078,1185.2635,1404.9885,1565.8815,5.7745,121.73075,132.4805,0.16666666666666666,1,3546.275495739264,3309.8571293566465,0.16666666666666666,36
Templar,Oathkeeper,dps,14,5,14,6,0.4117647058823529,1964.0149999999999,2181.04475,4482.729200000003,33.1855,55.181,83.899,0.07142857142857142,1,3311.4056438006137,3216.794053977739,0.42857142857142855,55.72
Guardian,Vanguard,dps,7,3,7,4,0.25925925925925924,815.314,855.9195,901.3922,0.126,69.6235,110.997,0.14285714285714285,1,3362.917773674847,3170.75104375057,0,0
Guardian,Gladiator,dps,36,13,33,6,0.6428571428571429,2778.6245,3346.8525,4125.045,12.303,44.84975,181.7185,0.1388888888888889,1,3305.751140878944,3122.0982997190026,0.1111111111111111,59.56
Sun Cleric,Seraphim,dps,14,6,14,6,0.4117647058823529,1336.045,1940.201,2123.7057,66.2715,211.29775,118.6905,0,1,3052.8297614476724,3052.8297614476724,0.21428571428571427,57.18
Witch Hunter,Black Knight,dps,10,6,10,4,0.3333333333333333,1403.7730000000001,2310.8595,2472.9664,69.824,83.89824999999999,217.8955,0.3,1,3304.3103963073627,2907.7931487504793,0.5,60.19
Venomancer,Fortitude,dps,23,12,21,4,0.5348837209302325,1572.19,2001.181,2142.9586,28.13,100.0315,171.173,0.043478260869565216,1,2819.8128346330436,2770.772611422034,0.30434782608695654,60.69
Necromancer,Death,dps,3,3,3,3,0.13043478260869565,2287.663,3695.916,4540.8678,53.161,74.997,72.721,0.6666666666666666,0.74,3998.024821270473,2703.197849155009,0,0
Cultist,Dreadnought,dps,16,5,16,6,0.4444444444444444,1083.037,1183.6402500000002,1502.29,30.625,41.867,100.10499999999999,0.125,1,2845.0048302561354,2702.7545887433284,0,0
Guardian,Inspiration,dps,69,22,62,6,0.7752808988764045,2017.798,2724.603,3600.851400000001,21.489,58.575,177.969,0.043478260869565216,1,2520.445436957538,2476.61160327132,0.3333333333333333,58.33
Barbarian,Ancestry,dps,43,14,43,6,0.6825396825396826,1727.604,2129.986,2322.6040000000003,67.533,96.0195,275.123,0.06976744186046512,1,2529.8183157019184,2459.218734798609,0.20930232558139536,60.65
Pyromancer,Flameweaving,healer,162,44,128,6,0.8901098901098901,352.0725,559.0532499999999,732.7381000000003,1550.5684999999999,2173.23075,93.28,0.04938271604938271,1,1485.745385880819,1456.3973288757659,0.2777777777777778,58.06
Cultist,Heretic,healer,224,76,166,6,0.9180327868852459,1062.5095000000001,1637.48475,2285.6073000000006,1018.2059999999999,1394.57425,140.54500000000002,0.12946428571428573,1,1013.490603402906,961.0062685838269,0.29910714285714285,60.5
Sun Cleric,Blessings,healer,83,33,58,6,0.8058252427184466,191.04,298.17999999999995,375.73539999999997,909.125,1241.2335,130.085,0.04819277108433735,1,919.13532262436,901.4170513448543,0.1566265060240964,61.47
Tinker,Invention,healer,132,32,116,6,0.868421052631579,817.3064999999999,1093.18,1325.4655,887.9045,1512.2347499999998,105.08850000000001,0.030303030303030304,1,897.4799817783492,886.6014365446722,0.19696969696969696,62.59
Starcaller,Moon Priest,healer,120,38,102,6,0.8571428571428571,1173.3220000000001,1526.75575,1928.4884000000004,866.178,1430.95625,85.447,0.09166666666666666,1,879.6780230736363,847.423162227603,0.38333333333333336,61.155
Witch Doctor,Brewing,healer,145,38,107,6,0.8787878787878788,16.359,74.601,147.05919999999992,756.38,1189.36,131.309,0.13793103448275862,1,781.1434135170248,738.0458458747062,0.14482758620689656,60.82
Venomancer,Vizier,healer,66,30,59,6,0.7674418604651163,64.749,107.14725,140.606,596.687,1089.70275,94.712,0.18181818181818182,1,681.3361073291753,631.784390432508,0.30303030303030304,59
Chronomancer,Time,healer,71,25,56,6,0.7802197802197802,13.264,53.117000000000004,109.677,544.104,810.953,96.198,0.16901408450704225,1,635.6587607726273,592.6846473682806,0.22535211267605634,61.47
Bloodmage,Fleshweaver,support,118,28,112,6,0.855072463768116,3186.5474999999997,4839.107749999999,6990.4994,689.3405,980.01575,208.455,0.09322033898305085,1,3089.025492798079,2973.84149137171,0.2033898305084746,60.81
Ranger,Farstrider,support,1,1,1,1,0.047619047619047616,1862.442,1862.442,1862.442,13.651,13.651,487.425,0,1,2482.6359526730935,2482.6359526730935,0,0
Primalist,Grovekeeper,support,207,56,174,6,0.9118942731277533,2133.205,2850.9255000000003,3554.5292,661.428,1053.038,192.973,0.024154589371980676,1,2166.7240000270262,2145.7894686257987,0.28019323671497587,59.099999999999994
Felsworn,Tyrant,tank,65,28,57,6,0.7647058823529411,3636.83,4676.817,5628.9132,96.865,188.781,215.058,0.06153846153846154,1,268.2435992189407,359.982845290454,0.24615384615384617,59.315
Cultist,Dreadnought,tank,15,6,15,6,0.42857142857142855,1042.61,1173.775,1330.5826,77.757,103.366,174.51,0.06666666666666667,1,326.8453123888559,294.85450306518567,0.26666666666666666,63.47
Primalist,Mountain King,tank,39,11,36,6,0.6610169491525424,1584.316,2184.1059999999998,2815.44,113.284,257.5155,348.13,0,1,379.6441683662705,262.71254970016025,0.3076923076923077,59.17
Sun Cleric,Seraphim,tank,19,7,19,6,0.48717948717948717,2177.135,2576.8145,3494.4723999999997,84.66,282.8195,433.038,0.05263157894736842,1,437.17071624640914,222.21571967825346,0.05263157894736842,61.61
Venomancer,Fortitude,tank,97,32,80,6,0.8290598290598291,2423.703,3082.835,5503.607800000002,114.236,189.842,452.041,0.030927835051546393,1,450.17019601376035,218.21833338570067,0.21649484536082475,61.18
Guardian,Vanguard,tank,23,10,22,6,0.5348837209302325,764.483,956.1045,1198.994,28.184,44.229,483.296,0,1,463.6684635723246,215.2072022086673,0.2608695652173913,57.735
Starcaller,Moon Guard,tank,22,5,22,6,0.5238095238095238,1601.8435,2208.4855,2561.5260000000003,26.804000000000002,38.313,335.293,0.4090909090909091,1,385.6757603240466,205.71616508568553,0.5454545454545454,60.56
Witch Hunter,Black Knight,tank,52,17,50,6,0.7222222222222222,1900.3780000000002,2408.74025,2608.8428,124.94749999999999,145.61375,455.7605,0.19230769230769232,1,451.6872490779161,199.66238406034378,0.2692307692307692,62
Templar,Oathkeeper,tank,61,13,61,6,0.7530864197530864,2744.034,3145.314,3674.661,169.6,249.058,519.663,0,1,500.2639374519748,199.49569982696153,0.32786885245901637,59.14
Reaper,Domination,tank,40,15,40,6,0.6666666666666666,1442.193,2028.1345,2896.0488,178.0695,292.685,505.11350000000004,0.1,1,483.7745988934994,195.96736342382215,0.3,59.33
Knight of Xoroth,Defiance,tank,5,4,5,5,0.2,2508.635,2522.542,2623.57,97.192,106.302,794.012,0,1,511.6798373443984,195.05350652755217,0.4,58.91
Bloodmage,Eternal,tank,44,12,42,6,0.6875,3734.48,4845.67975,6581.6292,213.4575,498.56924999999995,733.946,0.045454545454545456,1,642.4306239626555,151.8847084482954,0.13636363636363635,56.36
